Ulasan,Sentimen
kualitas barang bagus baut,Negatif
meja goyang tahan kaki nya,Positif
suka model,Positif
kualitas barang bagus baut,Negatif
patah,Negatif
ulas,Positif
alam beli toko buruk udh coba beli kali,Negatif
kualitas oke pasang gampang,Positif
cek mudah an bagus respon jual oke hati kalo pake cargo jne kali belanja tokped barang suruh jemput gudang wkwkw,Positif
gapernah enak alam beli,Negatif
bagus kini,Positif
ulas,Negatif
ulas,Positif
foto asli beda,Negatif
lucu maniez meja harga super murah,Positif
foto asli beda,Negatif
nice wardrobe meter recomen jual respon cepat nice pokok,Positif
paket terima kondisi packing rusak kirim bbrp ujung lecet tolerir,Negatif
presisi mur minifynya rapat,Negatif
meja bagus bocel dikit ujung nya,Positif
ulas,Negatif
rumah rapi nyaman rekomen,Positif
barang bagus rakit mudah cocoke taruh kost sempit ukur ringkas,Positif
barang kemas kotak safety tulis fragile kotak basah tutup goni part rusak basah part,Negatif
ulas,Negatif
kualitas aluminum bengkoke tekuk taruh barang kokoh moga tahan kirim cepat packaging,Positif
harapa tambah proteksi tiap ujung nya biar kirim rusa ujung meja terimakasih,Negatif
lumayan berat gampang rakit tunjuk bingung bagus tampil,Positif
meja keren gampang rakit packing aman styrofoamnya meja tebal besi besi tebal rak gede bagus deh pokok kecuali obeng bawa bau,Positif
meja gompal,Negatif
bagus sih saran beli lihat video rakit ya abis liat gampang deh masangnya bagus kursi kuat warna bagus toko ramah harga bers,Positif
barang cacat salah ekspedisi kurir instan mobil jd dateng barang cacat salah sapa y,Negatif
barang bagus lecet kirim cepat mudah rakit moga awet,Positif
barang dateng lengkap sruh tunggu kirim spare part ny udah kaga sampe suruh tunggu,Negatif
ikan sepat ikan kakap muantap,Positif
ulas,Negatif
butuh konsentrasi suka banget sesuai ekspektasi rakit jd jg puas banget,Positif
barang lengkap rakit kecewa berat,Negatif
lumayan deh sesuai harga kwalitas moga cepat rusak papan cacat,Negatif
recommend jual abang kurir makasih,Positif
model bagus kwalitas lumayan deh packing oke papan cacat,Negatif
seller cepat response barang bagus,Positif
mohon busa kam tebal sudut rusak sayang produk bagus packingnya proper terima kasih,Positif
bintang aja sulit erti pasang coba kotak katin hasil mayan oke cuman tunjuk,Negatif
baguss,Positif
bintang aja sulit erti pasang coba kotak katin hasil mayan oke cuman tunjuk,Negatif
bagus mungil,Positif
ulas,Negatif
bahan bagus rakit gampang harga murah beli kali model beda,Positif
kemas terima kondisi kardus rusak kirim meja aja baut kaki kirim pisah kirim baut kaki resi lacak resi y,Negatif
reyot bahnnya ngk kuat dewasa ngeri ambruk jk anak anak aman,Negatif
kualitas sesuai harga pokok oke,Positif
jadiin rak action figuree wkwk,Positif
kecewa brang dkirimkan reyot ngk kuat beban air galon skitar sd kg ambruk bhan serbuk tipis sekli ml dbandingkan,Negatif
lumayan bingung rakit ikutin aja tunjuk barang cpt sampai estimasi minggu pakai kargo,Positif
kokoh,Negatif
mur lengkap,Negatif
barang sesuai display bagua,Positif
barang sesuai harga pasang mudah rakit desain bagus oke blm tau kuat bahan mdf sampe brp moga awet,Positif
kirim kualitas barang baut lesaat pinggir meja coak las nya rapih sebab s,Negatif
papan salah kasih lubang gapapa,Positif
istimewa,Negatif
tutup tarik,Negatif
produk oke item cacat hpl mengelusaat panel tutup retak pasang presisi lumayan naro ba,Positif
design nya bagus jual jg layan bagus packing nya bagus bagin pojoke rusak bahan nya serba tipis kayknya bs tahan beban berat,Negatif
mudah rakit kualitas bagus,Positif
ulas,Negatif
mudah rakit bahan solid kursi nyaman,Positif
ulas,Negatif
mudah rakit bahan solid mantap,Positif
bahan bagus sesuai harga disain ok,Positif
mur tida lengkap,Negatif
suara berisik,Positif
ulas,Negatif
gampang rakit cuman syg cacat dikit oke,Positif
ulas,Negatif
barang bagus masangnya gampang cepat harga sahabat layan muas,Positif
sekrup cm buah sisi samping alas rak sekrup cm kpala datar mur guna sekrup cm papan pijak masuk bis,Negatif
sudut meja tajam,Positif
parah packingnya barang nyampe panjang patah,Negatif
baut mudah lesaat kayu mudah hancur,Negatif
oke sesuai harga,Positif
kayu pecah baut mudah lesaat kaki bengkok,Negatif
sesuai promosi iklan nya oke,Positif
barang e remuk gompal pinggir ro e,Negatif
berekspektasi lebar keyboard mouse salah hehe gpp gaada minus lecet,Positif
ulas,Negatif
liat foto aja ya,Positif
kaki nya kayak gambar,Negatif
packing rapih aman barang sesuai cepat respond,Positif
kualitas sesuai harga model bagus material tipis mudah rusak,Negatif
cepat respond barang sesuai kualitas sesuai harga packing rapih aman,Positif
taruh monitor tipis kaki kaki kokoh,Negatif
packingannya bagus tinggal pasang sesuai tunjuk mantap dah bosss,Positif
estimasi cepat kira hitung jam barang terima secr keselrhan packing rapi aman bentur komponen besi kokoh hitam plastik i,Positif
terima barang lengkap jelas jual tolong kpd homedoki tanggung nya rugi,Negatif
material bagus kokoh,Positif
kecewa barang size nya sepatu boot bs masuk even sepatu kaya nike air force gepengin masuk saran unt ukur,Negatif
pasang mudah paham paku putar kokoh tricky pasang lebih oke,Positif
ujung meja rusak,Negatif
kayu gompel lis pinggir lesaat instruksi pasang susah erti gambar lubang pasang hasil,Negatif
kirim cepat emas produk rapih meja bagus kokoh,Positif
ulas,Positif
ulas,Negatif
ulas,Negatif
barang bagus,Positif
kirim barang penyok,Negatif
oke,Positif
overal meja kualitas bagus terima penyoke coba nyender meja kokoh goyang,Negatif
bagus kuat moga awet pesan,Positif
bagus barang respon jual bagus tks yahh,Positif
hambalan tambah penyangah ngondoy liat riview org tambah penyangah nya,Negatif
material kualitas bagus dilenhkai buk pandu angka part kayu terima kasih ya,Positif
parah buku tunjuk kertas catat tunjuk barang pasang,Negatif
beli paket paket ngga handle pintu kirim keluh by chat wa unboxing video unboxing video kirim video unboxi,Negatif
mantap sesuai expetasi,Positif
material bagus kualitas bagus keren pokok,Positif
barang patah jual tolak komplain ekspedisi beli barang rusak bilang barang kecewa sell,Negatif
bahan bagus kokoh puas beli,Positif
part lapuk layan jual muas part,Negatif
kemarin part alhamdulillah langsung proses kirim jual nya keren mantan,Positif
kualitas barang bagus barang terima kayu terkelusaat part kayu pinggir penyoke jual terima claim ganti barang kapoke beli,Negatif
barang bagus lubang bukun pandu komplit tata komponen komponen,Negatif
nice,Positif
meja kokoh pasang nya mudah pakai nyimpen monitor kirim tolong perhati dus sob,Positif
mudah rusak,Negatif
mudah rusak,Negatif
meja bagus kualitas kayu bagus las nya sekrup datar muas moga next nya dit,Positif
kualitas barang bagus sayang packingnya bagus lapis buble warp packing kardus packingnya robek terima,Positif
barang cacat customer layan nya tingkat,Negatif
kirim cepat kualitas material aja papan dekstop nya tipis kaki besi nya cenderung leyor,Negatif
bagus,Positif
bagus,Positif
respon toko cepat proses pesan kualitas produk muas siku rangka meja las jadi gambar dis,Negatif
kualitas bagus kursi letoy kirim banget murah si ya murah hehe,Negatif
bagus harga segitu model mungil cocoke kamar ukur barang utuh pasang butuh menit,Positif
model sih oke laci nya fungsi buka tutup emang pake railing tahan pake stopper doang rusak,Positif
kirim kualitas bagus meja letoy bompel pecah pecah,Negatif
casing skrup baut knock down,Positif
ulas,Negatif
kirim kurir layan jual bantu,Negatif
ulas,Positif
model keren kualitas oke rekomen,Positif
sekrup baut,Negatif
barang buka pinggir coffee table hancur otomatis complaint jual ngotot barang kirim ada,Negatif
mantap bang barang oke barang goyang tegak diri mantap,Positif
copot,Negatif
ulas,Positif
meja nya keren,Positif
lengkap laci tutup somplak pintu,Negatif
minimal model bagus cocoke rumah moga awet deh,Positif
ehmm,Negatif
tolong baik ya toko oke kirim ok,Negatif
puass,Positif
terima kasih barang datang barang ruksak,Negatif
rapih deh,Positif
kode pasang cuman dikit ketempey kode pasang nyocokin,Negatif
,Positif
laci sesuai laci laci lantai laci bahan karton tutup ba,Negatif
mantap jiwa langsung order,Positif
kaki meja rusak pasang nempel,Negatif
sandar kursi nya terkelusaat bagusalah sesuai harga,Positif
gak ribet kategasli kalo beli pilih kirim sesuai pilih,Negatif
ulas,Positif
ulas,Positif
ulas,Negatif
mantap build kualitas aja sih kokoh goyang dikit dikit,Positif
baut,Negatif
kendala kirim barang gagang laci paket kirim jual kirim bentur sebab ujung le,Negatif
barang nya bagus banget cepet sampe rakit jg gampang makaaassii,Positif
,Negatif
respon toko cepat kirim jg cepat barang s esuai ekspektasi kokoh rapi gampang rakit worth to buy,Positif
beli meja sma kursi kursi dtg meja udh order otomatis selesai tokopedia gaada foto kursi nya buka karyawan kantor kursi,Negatif
ulas,Positif
barang sampe tuju komplain kasih tuh bintang,Negatif
ulas,Positif
hati hati beli koke jual barang kualitas hancur kali beli barang lagisg buang,Negatif
bangku kokoh desain konstruksi bagus packaging pasang tantang beli,Positif
packing pake karung doang lecet pesan hitam putih full hitam,Negatif
barang bagus oke pokoke nya,Positif
belang warna putih,Negatif
tv,Positif
barang bagus cepat puas,Positif
kondisi meja patah kursi pakai,Negatif
kondisi meja patah kursi pakai,Negatif
material bagus sambung x l ngkap bagus kualitas,Positif
barang,Negatif
cepat kurir ramah blm buka moga bagus manfaat,Positif
ulas,Positif
ulas,Negatif
bagus murah cepat kirim tks gan,Positif
ulas,Negatif
bagus kokoh kayu,Positif
kemas aman ygy cuman alhamdulillah barang nya sesuai minus ttik gompel aja fungsi oke,Negatif
produk bagus rumah tangga ketrampilan tukang instalasi sulit tunjuk video produk maturnuwun,Positif
ulas,Negatif
keren banget nih barang asli nyesel anak neng banget meja ajar nya fungsi nya moga awet san terima kasih jg kirim moga jual tokopedia,Positif
kirim,Negatif
bagus plstik putih musti rajin lap belkang belek but oke,Positif
dr kirim bnyk drama sampe barang nya skrup ad patah baut nya ad kursi angkat jg kunci sempurna,Negatif
kualitas bagus layan bagus,Positif
barang,Negatif
bagus rak trimakasih,Positif
kualitas barang aja,Negatif
ulas,Negatif
kursi nya bagus cocoke banget duduk balkon rekomendasi,Positif
barang mantap susah rakit jual responsif tanggung pokok puas,Positif
bbrp retak kirim bukti video nunggu g pasti barang akn ganti kirim suruh tjnggu,Negatif
ulas,Negatif
mantab lumayan bagus sesuai haegalah,Positif
barang terima dana komplen blom terima,Negatif
kendala selesai layan mantap,Positif
barang terima dana komplen blom terima,Negatif
susah pasang hasil lumayan,Positif
goyang lumayan,Positif
kualitas barang ngelucu nih lubang nya salah posisi ngebor besi bengkoke ringkih tau bnran kuat microwave positi,Negatif
bagus,Positif
barang nyampe komplain balikin dana wasting time banget,Negatif
barang rusa parah garis putih meja build kualitas nya bagus,Positif
barang nyampe komplain balikin dana wasting time banget,Negatif
cepat admin responsif barang sesuai kualitas bagus terimakasih,Positif
kotor nya hilang sedikit alat cm getar sinar uv efek bersihin kotor,Negatif
bagus banget foto kualitas,Positif
warna kayu kirim putih tolong orang rakit rakit pergi rakit foto warn,Negatif
pasang sulit besi lubang baut tutup solusi cari baut ujung meja papan utama lobang baut s,Negatif
mantabs barang sesuai,Positif
barang terima rakit sesuai deskripsi barang bagus terima kasih jual sukses ya,Positif
pilih kurir toko hrs order kurir sndiri janji biaya kurir toko refund proses bataa refund blm terima,Negatif
kirim kurir toko order kurir refund proses refund sesuai janji,Negatif
sip,Positif
kirim foto orang rumah terima jne trucking kondisi packing udh blm unboxing luar kota tolong baik packingnya,Negatif
sip,Positif
tolong kali kirim cek lengkap nya sorry,Negatif
beli meja barang problem meja part rusak lagi aju komplain jual responsif,Positif
rusa pojoke barang,Negatif
layan adm toko fasd respon kendala paket ya beli perhatikn playanan kurir suka kendala paket jne tsbut selebihna baranh,Positif
kualitas buruk sudut meja rawan hancur kirim rekomended,Negatif
kursi bagus kuat rangka harga bilang murah kualitas bagus bantal kursi empuk terima kasih ya,Positif
pesan kursi meja kursi foto lampir,Negatif
bagus barang,Positif
naro barang ringan oke pastiin isi barang rak bantu support barang harga gin oke,Positif
kondisi barang karenag ok,Negatif
produk sesuai pesan asli cepat respon delivery rekomen ed bagus moga fungsi awet terima kasih all,Positif
part retak packing kardus peyoke sanan kirim part patah,Negatif
ulas,Negatif
worth it,Positif
barang terima kondisi kardus robek lapuk barang besi tipis sambung bagus mudah lesaat papan triplek tipis tahan air,Positif
barang cacat pinggir,Negatif
kursi bagus mesti bagus sambung sandar kaki nya alam senang cs ny,Positif
kualitas barang packing aman pintu laci gupil mgkn kena bentur kirim kirim,Negatif
kokoh,Negatif
packing keren tuju selamat barang cocoke harga,Positif
kayak deh spt review toko order warna kayu udah nanya kayu spt kirim gambar warna cokelat terang klik pilih kayu tetep aja,Negatif
oke,Positif
b aja,Negatif
seller ramah responsif tangan keluh cepat selesai harga kompetitif recommender jual,Positif
jual ramah responnya cepat kirim cepat barang nya bagus bahan tebal harga murah,Positif
kualitas harga spt koke adminnya super aktif keren,Negatif
rugi banget beli kursi kirim kaki doank dipake dah bayar ditungguin minggu jual solusi kecewa berat,Negatif
bagus banget nih praktis rapi papan kuat,Positif
rugi banget beli kursi kirim kaki doank dipake dah bayar ditungguin minggu jual solusi kecewa berat,Negatif
bagus pasang fungsi liat video,Positif
rugi banget beli kursi kirim kaki doank beli rak tv kaki alias dipake dah bayar ditungguin minggu jual solusi,Negatif
barang bagus sesuai foto layan antar cepat mohon packing tingkat kardus sobek bagi meja dik,Positif
kursi kirim kaki doank dah nungguin minggu jual solusi beli kursi didudukin rugi banget dah bayar,Negatif
ulas,Positif
kirim masalah kualitas material barang cuman lumayan harga gin tmpt mahal,Negatif
rekomen,Positif
barang lengkap rusak mohon perhati kualitas controlnya sorry to say sesuai ekpektasi,Negatif
ulas,Positif
posisi lubang presisi rak miring rail rak minus karet kaki diadjust,Negatif
admin ramah cepat informatif barang bagus,Positif
meja harga segitu worth it sih admin responsif kirim cepat sayang baut cm nya baut cm nya dilebihin mohon cek lagi depa,Positif
pintu blm bs pasang lubang nya bbrp presisi,Negatif
sesuai,Negatif
kirim cepat mudah pasang bahan nya tipis design estetik,Positif
tks,Positif
kualitas barang jelek barang terima cacat,Negatif
obeng patah lubang baut minifix papan laci ad tunjuk sambung laci presisi henti pintu sesuai spek pet,Negatif
mantap kualitas sesuai harga oke,Positif
meja oke cacat rakit mudah recommend cantik ruang,Positif
ngerakit susah bolong engsel pintu jd ngebolongin rusak pintu nya bolong engsel maju jd pasang renggang,Negatif
lumayan tv inch,Positif
tetep presisi ya harap fit banget aja maaf kasih bintang packing kirim mah aman,Negatif
puas belanja respon chat cepat proses delivery cepat kwalitas board bahan joke duduk sesuai harga mudah pasang moga awet,Positif
ulas,Negatif
kaki buah paket,Positif
bbrp gompal krg presisi,Negatif
cacat kondisi admin ramah,Positif
bbrp lubang krg presisi,Negatif
lengkap gampang rakit terima kasih ya,Positif
instruksi krg,Negatif
beli lumayan nyaman anak ajar trm ksh jual,Positif
ga bs pasang laci kecewa laci masalah tempat baut minifix gambar actual cm trs g sejajar lubang papan tripleknya jd g bs pasang laci be,Negatif
ulas,Positif
toko cust nanya barang kirim bilang kirim,Negatif
meja mudah rakit,Positif
papan bgian sanggah patah tutup jg pecah trs part tutup bgian engsel shingga tutup laci tsb trima ksh,Negatif
barang bentuk knockdown debu butuh effort rakit kurleb jam an obeng tunjuk material,Positif
barang bagus duduk ringkih takut patah,Negatif
dateng bagus naik langsung penyoke cuman kg cuman dah penyoke tolong cek kualiatas nya min,Negatif
gampang rakit,Positif
mantap kokoh,Positif
barang sampe uang komplain dana cair rekening jual rugi juta rupiah tolong kerjasamanya,Negatif
kayu tipis ya sesuai harga sih oke meja kerja kost rencana taruh layar pc kaya sih kuat,Positif
barang sampe uang komplain dana cair rekening jual rugi juta rupiah tolong kerjasamanya,Negatif
alhamdulillah barang aman tuju meja ukur mungil oke terima kasih jual terima kasih tokped,Positif
jual packing aman cuman dalem nya doang sterofoam lakban terlakban kompononen ti,Negatif
barang bagus sesuai pesan kirim day,Positif
barang refund refundnya lamaaaaaa bangets,Negatif
kardus buka periksa lengkap komponen rak temu engsel rak patah engsel bahan plastik kelas plastik hanger baju komponen rak kondis,Positif
kualitas barang presisi,Negatif
susun sampe jam baca tunjuk presisi ukur lubang tiang baut dsb feedback jarring rak geser g,Positif
barang kirim kemas jelek kualitas barang lecet,Negatif
mantap pakai camping,Positif
barang bagus ad penyoke bbrpa klo penyoke ksh bintang,Negatif
barang kunjung tunggu bulan sikembalikan hnt saldo sesuai harga barang ongkos kirim,Negatif
bagus,Positif
tunggu lebuh bulan barang nya oernah kembali saldo sesuai harga barang pdahal ongkos kirim nya mahal hangus,Negatif
susah pasang butuh bantu tukang,Positif
meja ny smp selamat proses cepat material bagus mantap,Positif
tempel nomor kayu lesaat packing proses simple ambil barang langsung toko laksana admin nya beda yan,Negatif
cakep pintu miring,Positif
order kali langsung kecewa barang kondisi packingnya lubang salah toko ekspedisi raya jadibdimaklumi tern,Negatif
bagus,Positif
bantal sobek,Negatif
sempurna fungsi tampil,Positif
bbrp cacat produk karet pegang robek besi ambal penyoke wajar sih kalorobek penyoke material besi karet ngga tebal checkout tanggal dite,Negatif
bagus sih,Positif
instruksi detil bkin salah pasang lubang baut stopper pintu posisi brang kotor noda papan bag blakang tipis skali jd aga leot da,Negatif
ulas,Negatif
baretanya,Positif
barang jelek tipis dipake bulan udah rusak engsel lesaat bengkoke kayu sangga sepatu melar,Negatif
baret,Positif
respon jual lambat,Negatif
aja sih,Positif
pasang baut,Negatif
sesuai dekripsi mudah pasang cepat kirim terimakasih homedoki terimakasih toped,Positif
barang bagus kwalitas semogarezekilancarjaya,Positif
plat besi tipis,Negatif
sen instan beneran itungan jam barang sampe,Positif
tangga kokoh berat badan kg kali pakai penyoke step nya,Negatif
barang terima laci pecah gumpel retak kecewa sich,Positif
pintu rak bagus,Negatif
super susah rakit worth it,Positif
barang kuat rusak pakai bln,Negatif
lecet maklumin tambal sisi meja udah ban,Negatif
bagus sih meja rakit gampang,Positif
barang sesuai pesan kirim bikin kaget cepet banget jual helpful malam respon cepat muantep,Positif
sisi meja ampir ngelusaat barang nyangkut semarang mijen rekomended pakai jne kesana barang lempar nyariin baran,Negatif
ulas,Positif
papan patah kondisi kardus sobek,Negatif
ulas,Negatif
plat tipis oke rangka kuat taro barang,Positif
banding kualitas harga nya aja sih,Negatif
bagus kokoh rakit gampang,Positif
baut sayang las an rangka besi full sbgn kokoh gantung ad bbrp lubang presisi jd hrs,Negatif
bagus pikir rakit buku tunjuk pasang video yt beda rakit,Positif
bagus respon jual bagus customer complain,Positif
ga suka layan thank you,Negatif
kwalitas jelek skali pakai isi sepatu kait rak lepas,Negatif
bagus,Positif
mur unt salah kaki kursi cari mana kursi kepake buang mohon maaf yahh,Negatif
mantab,Positif
kirim cepat barang sesuai deskripsi lumayan muat harga sesuai,Positif
part chat kali kali hari tunggu balas belit belit,Negatif
rak cantik bahan kokoh berat pasang instruksi kirim aman barang sesuai deskrpsi,Positif
completely mismatch of the product with the ad different color different shape different thickness of the table material disgusting,Negatif
ulas,Negatif
kursi estetik cocoke kursi ajar rumah kuat pasang mudah,Positif
ulas,Negatif
rak value for money simpan pernak pernik kamar respond jual cepat kirim cepat,Positif
mantap barang aman,Positif
barang cacat,Negatif
ujung meja sompel,Negatif
concern utama tebal bahan lumayan tipis mm kes ringkih pasang gampang sempet mai,Positif
tau nya mana nunggu minggu barang nya tangan kecewa,Negatif
barang patah pakai,Positif
sales layan bagus,Positif
tau nya mana nunggu minggu barang nya tangan kecewa,Negatif
material lumayan bagus oke camping berat,Positif
meja goyang kaki meja,Negatif
bagus bangku lumayan enak duduk rakit gampang thank you seller,Positif
ulas,Negatif
bagus kokoh moga awet,Positif
ringkih,Negatif
ulas,Negatif
pintu tahan paksa dikaretin biar nutup dikaretin ngebuka kecewa,Positif
udah rakit koke sesuai foto ya sampe manggil tukang loh ngerakitnya barang asli kaya foto jd liat banget ni rak tv,Negatif
jual ramah cepat respon barang sesuai deskripsi,Positif
review objektif baca barang sesuai foto kwalitas material padan harga kerapihan material te,Negatif
bagus,Positif
bareng tiru sambung rangka beda foto rak skrup an nya bener ringkih,Negatif
bagus kirim cepat bahan oke baja ringan papan tipis,Positif
barang rusak,Negatif
packing aman rakit bilang susah butuh sabar barang sesuai ekspektasi cacat satu pela,Positif
barang buka pasang retak kemas kerdus aman,Positif
susah pasang ditny toko solusi sewa tukang pasang kluar uang x,Negatif
moga awet,Positif
gak kokoh kuat dinaikin kg aja langsung leot nyeselll banget beli tangga,Negatif
admin responsif kualitas sesuai harga kokoh rakit kirim express terima kasih,Positif
desain bagus beli rakit pakai berkajan rusak engsel papan kuat engsel pendek gampang goyah bahan rapuh,Negatif
pesan kursi kursi putih pecah respon jual super duper lelet video unboxing x pdhal klaim tokped kasi ganti klaim adlh asuransi,Negatif
kereeen abis,Positif
tunjuk tulis sngat kcl blurrred kbaca potong rakit bbrapa kode nya pokok bkin frustrasi makan pdhal,Negatif
barang sesuai deskripsi emas bagus kirim cepat kali belanja puas banget,Positif
barang aman cepat terima kasih,Positif
lemari alu kokoh pintu tempel jual silah chat kendala chat dij,Negatif
kualitas barang bagus rekomendasi pokok,Positif
warna sesuai gambar skrg barang blm rakit moga pasang mudah ribet,Negatif
papan tipis,Negatif
kualitas nya bagus jual ramah rekomen,Positif
ulas,Negatif
barang bagus kuat kokoh presisi,Positif
barang oke harga,Positif
ulas,Negatif
barang bagus pasang mudah,Positif
barang sih lumayan cuman kirim beli tanggal sampe tanggal nya ntah mana salah nya jual,Negatif
kecewa parah,Negatif
paket aman cpat proses pemsangan mudah smga awet,Positif
sparepart jual slow respon tanggap kes hindar hati toko,Negatif
bagus baut kursi,Positif
barang terima sesuai pesan,Positif
kirim barang hilang salah kurir komplain masuk resolusi investigasi anggap terima transaksi sele,Negatif
bagus kokoh tebal,Positif
kirim barang hilang salah kurir komplain masuk resolusi investigasi anggap terima transaksi sele,Negatif
sesuai deskripsi instalasi mudah sticker tanda part produk sesuai ekspektasi,Positif
cek part kirim skrup laci jual respon,Negatif
barang lengkap sesuai foto kirim cepat rakit mudah,Positif
ulas,Negatif
kursi sesuai deskripsi barang bagus emas bagus kirim cepat sore pesan hari malam isya puas belanja s,Positif
kemarin dateng cuman dateng duduk komplen cuman dateng kaki eh baut nya sampe suruh bayar ongkir paket kualitasn,Negatif
worth banget produk cakep baut lebih jd takut ilang deh baut nya instruksi rakit minimal banget udah rakit udah gw,Positif
nyesel belanja barang kirim rusak ribet urus barang sampa bayar ongkir respon sangaaaaaaaaaat lambat dont care s,Negatif
bagus kokoh,Positif
barang kirim gompelnya packing nya bagus,Negatif
bagus kokoh bahan lendut,Positif
barang lecet kirim super sesuai estimasi kirim jual mesti ajak antem respon,Negatif
bagussss worth poko,Positif
ulas,Negatif
mending beli mahal getar doang,Negatif
kirim cepat rak bagus ramping cuman sayang bagi pintu simetris kalo tutup ena pandang aja cuman oke,Positif
barang sesuai foyo,Negatif
diskon,Positif
ulas,Negatif
all bagus lubang,Positif
produk sesuai deskripsi bikin heran toko lho kirimin baut sampe x kirim sukses toko nya,Positif
barang hilang tuju,Negatif
ulas,Negatif
solid yaa harga ekonomis ya hehehe,Positif
barang terima keburu mudik,Negatif
meja kokoh saran si pakai kurir toko kurang risiko barang rusak kirim,Positif
ukur foto kualitas lumayan bagus model unik tarik,Positif
barang bagus bagus kuat ngerakitnya gampang tunjuk cuman adminnya lupa kasih srub baut complain sen tanggal april selesai,Negatif
barang tuju tunggu minggu refund dana,Negatif
bagus barang lengkap utuh cacat,Positif
kirim jtr emng unboxing kondisi styrofoam beranta foto meja rusak sudut kondisi terima b,Negatif
bagus anak suka banget nyala layan toko nya bagus rekomen,Positif
mantab,Positif
barang hilang,Negatif
barang hilang,Negatif
baguus value for money,Positif
ulas,Negatif
bagus pasang jg gampang,Positif
thanks,Positif
jne trucking masalah kirim salah rute dateng barang salah coba complain tanggap jual membe,Negatif
produk sesuai pesan deskripsi,Positif
kirim cepat nyala barang kena air anti air mudah rusak,Negatif
mksih jual paket udh dtng blm buka moga barang mulus apa mksih jg bpk kurir hati toko dia moga sukses sll,Positif
seller responsif packing ngasal produk cacat parah kirim minggu,Negatif
lumayan lumanyun,Positif
titip bintang jne jne kali super lambat kecewa barang bagus jual sumber nya jne,Negatif
mantabbss,Positif
sayang kirim delay,Negatif
oke barang bagus pasang gampang ngeri aja kalo disenderin banget,Positif
barang cacat bagi rangka lubang mur bor kaki stabil diganjel meja flat deskripsi,Negatif
cat putih kotor bersih kayu cat nya lecet,Negatif
real pict bahan nya bagus,Positif
barang oke jual tambah packaging plastik bubble wrap dus dilakban buka,Negatif
respon cepat makasih barang kirim nya,Positif
kirim cepat barang sesuai pesan murah,Positif
kirim telat kualitas barang barang bekas baut rugiiii,Negatif
kualitas kayu tipis kuat meja kerja,Negatif
barang worth it sesuai deskripsi foto kirim telat hari,Positif
model oke harga sesuai kualitas,Negatif
reaksi cepat kualitas ok,Positif
kualitas bahan kayu serbuk finishing hpl mewah,Negatif
reaksi cepat kualitas ok,Positif
brang sesuai pesan asli picture jual ramah cepat respons,Positif
tunggu mnggu sampe ternyta hilang ktanya,Negatif
barang kirim sen barang kirim maaf kasih bintang barang beli admin plin plan solusi,Negatif
ulas,Positif
beli barang kirim barang harga rb kirim admin toko ngomongnya plin plan selesai,Negatif
barang dtg perakitqn jg gampang thank you seller,Positif
laci nya rel nya sesuai gambar yah estelase,Negatif
material bagus bahan lengkap jual respon cepat kirim jg cpt bagus,Positif
banget duduk taman,Positif
sudut meja tajam,Negatif
kirim super kemaasan ala kadarny shingga rusak,Negatif
susah pasang sempurna ngasal kokoh kamar sayang beli besi,Positif
nungguin barang jual fu kirim klo,Negatif
sayang serta manual rakit hasil rakit ya keren kristal moga next time better,Positif
barang terima kondisi bagus dlm dus terima kasih,Positif
ulas,Negatif
moga kuat awet,Positif
ulas,Negatif
ulas,Negatif
bagus,Positif
ku puasa,Negatif
barang hilang kirim duit pakai asuransi,Positif
udah nunggu dibatalin,Negatif
barang hilang kirim duit pakai asuransi,Positif
barang bagus kirim cepat,Positif
ulas,Negatif
barang pes unit unit estimasi kirim barang barang kirim pengirima,Negatif
kualitas sederhana bagus,Positif
barang bagus gampang peot ribet pasang rekomen beli,Negatif
baut nya masuk lumayan stabil oke,Positif
sambung ringkih ya stabil pasang mudah totally not worth it besi nya lurus rak kasar kertas mulus,Negatif
saran masang org kaya susah jatoh an mulu megangin btw gompal kayu kaya abis bentur,Positif
ulas,Negatif
okoce,Positif
selow respon kacida minggu hadeuh kursi gada kaki nya,Negatif
bagus kokoh,Positif
ulas,Negatif
mantap gores pinggir meja,Positif
sblmnya beli kondisi oke beli br bln lap meja nya kerut,Negatif
senang beli adminnya ramah komunikasi lancar update informasi kurir jalan angkat barang cor jalan lumayan nanj,Positif
kualitas barang bagus banget no cacat pasang nya mudah bener ikutin rakit buku pandu detail banget jelasinnya sukses toko,Positif
maaf liat kualitas barang bagus ringkih,Negatif
ulas,Negatif
rak dapur terima kondisi rakit,Positif
terima kaki kaki meja,Negatif
rupa harga,Positif
barang sesuai sayang kirim bener kecewa,Negatif
,Positif
pesan alas duduk hitam kirim putih dah gitu kucel packing lindung alhasil jebol akibat produk boncel baut peg,Negatif
bagus masyaallah moga awet,Positif
kaki sangga kursi harap dpat ditindaklanjuti,Negatif
problem ilembar nstruksi pasang baut mur sedia kurang kualitas sesuai harga foto beda barang ak,Positif
kualitas sesuai harga foto gambar barang aktual,Positif
dr kemas bagus cuman syg tahan beban atas kg aja anak tangga lagisg bengkoke,Negatif
cacat lubang baut presisi lembar lecet samping kaca warna buram hilang kasih kursi gambar kur,Negatif
ulas,Positif
delivery lambat resppnse toko mesin sdg sibuk layan langgan info update drlivery suruh tunggu jd kebab,Negatif
ulas,Positif
pecahhh,Negatif
bagus harga kualitas oke,Positif
kaki remuk,Negatif
mungil bentuk tv inch penuh banget,Positif
partisi patah,Negatif
mantabbn sesuai deskripsi lumayan ringkas lecet aja kirim cepat,Positif
susah masangnya usaha hasil,Positif
layan muas not rekomended barang beli kirim item kirim lsg pemberitahuan beli lanjut,Negatif
kualitas produk bagus kirim cepat,Positif
sesal transaksi toko jual kualitas stock kk check out barang ready eh s,Negatif
sih tes pakai air kotor jatuh getar doank,Negatif
sesuai pesan packing aman rakit cepat rekomendasi toko rekomendasi kurir,Positif
sesuai deskripsi produk rell kit nya kecewa belanja,Negatif
bagus moga awet,Positif
desain bagus kokoh lipat praktiss,Positif
bagianbatas bolong tutup,Negatif
meja baugus kirim,Positif
beli tingkat bagi pasang sabar manual detail,Negatif
bagus sesuai ikilankan toko nya respon terimakasih kirim nya cepat,Positif
barang kirim part lengkap part rusak sesuai gambar lubang pasang p,Negatif
sesyai ekspectasi tunjuk rakit effort jam kelar hehehe,Positif
besi sangga kuat meja,Negatif
barang oke cuman kirim nya lamaa,Negatif
bagus modif modif cacat rangka papa bagus,Positif
bagus kokoh mudah rakit cakep rekomendasi banget ya,Positif
barang hilang,Negatif
keren barang pasang mur kasih tipe obeng bener nyiapin tinggal bongkar dus rakit pandu mudah,Positif
kaki somplak papan,Negatif
barang sesuai,Positif
qc jelek timbang beli,Negatif
barang bagus pasang mudah lecet dikit over all oke sih,Positif
produk rusak klaim susah buang buang,Negatif
produk sesuai responsive jual kirim cepat terimakasih,Positif
kaca noda potong kayu sih kaca,Negatif
barang sedia stoke pes hubung stoke habis kirim pesan selesai order komplain refund ktnya via tokped care,Negatif
barang sesuai pesan bagus terima kasih ya responnya,Positif
dgn harga gin ya dapet kualitas sih oke,Positif
bagus duduk rak,Negatif
bagus bentuk masangnya,Positif
packing rapi bungkus kam bubble shg bentur sebab lecet partikel proses kirim lebih estimasi,Negatif
ulas,Negatif
bagus,Positif
ga terima meja belanja barang koke pakai resi lalai jual kurir moga solusi meja kirim jual kurir mempros,Negatif
bagus,Positif
honestly barang nya bagus lega storage assembly guide nya detail challenge jg ngerakit nya all bagus terima kasih,Positif
barang parah kursi doang meja kagak akibat resi item furniture salah kurir jual lem,Negatif
ulas,Negatif
barang cepat respont jual cepat ramah smpet bingung cr pasang bangetuh ajar youtube pasang mudah banget keren kokoh,Positif
etalase stock udh checkout barang kosong jual kirim resi kosong klaim kembali dana minggu belit be,Negatif
meja sesuai deskripsi kirim lumayan cepat rekomen,Positif
sesuai harap kacamata minyak mudah cuci manual sabun hilang minyak,Negatif
seller tanggung kurang item,Positif
ulas,Negatif
ulas,Positif
sssippp mantap kokoh masangnya mudah instruksi recommend jual,Positif
ulas,Negatif
mudah rakit,Positif
barang cacat,Negatif
kualitas tara harga,Negatif
material bagus kait papan nilai gantungin pake scrup langsung unit temboke repot,Positif
meja oke banget cocoke tani anak ajar anak betah ajar meja tsb pokok recomnded banget deh tq,Positif
barang sesuai expectasi harga jual merespon komplain sayang part sesuai solusi refund parsial moga bs l,Negatif
meja bagus kokoh,Positif
ulas,Negatif
terima lengkap cman bungkus pake karung aja uda buka kurir aman banget csnya no respon makasih bos duduk,Negatif
alhamdulillah keren banget sesuai gambar worth it harga segitu terima kasih jual bagus product service,Positif
brangnya tipis bnget trus psang boncel bgian baut nahan rak jdinya pkaai,Negatif
ulas,Positif
barang nya kaya udh bah pake copotin packing rusak,Negatif
cepat respon jual ramah rekomended,Positif
ngerakit bnyk titik,Positif
ulas,Negatif
tunjuk rakit mudah erti respon jual kooperatif cepat produk komplit tutup lem,Negatif
material bagus stlh pasang perabot goyang kaki hopefully barang goyang kurang baut,Positif
rakit susah rak lumayan bagus sesuai harga yah murmer tks tokped jual,Positif
lecet sudut lecet,Negatif
respon kirim cepat sesuai beli foto packing oke kualitas barang bagus oke,Positif
peleset gambar produk trnyata barang cek ukur btw gambar tv led ukur,Negatif
kirim cepat packaging oke mohon maaf material oke,Positif
kualitas barang sih bagus kecuali tutup packingnya mohon perhati aman sayang banget lupa videoin unboxing nya bbrp pa,Negatif
kursi oke sesuai deskripsi kirim super cepat,Positif
kirim respon jual packing kualitas barang mohon liat foto moga review manfaat produk u,Negatif
beli langsung alhamdulillah barang terima lengkap rakit terimakasih jual insyaallah kalo harga saing ba,Positif
kaki cs respon,Negatif
top bangettt,Positif
bahan kasar,Negatif
barang harga segitu ya oke,Positif
packingnya rusak meja lecet,Negatif
presisi sulit pasang potong,Positif
kirim barang penyok,Negatif
kuat tebal kaki tajam aman,Positif
kokoh,Negatif
barang salah kirim komplain tukar barang batas,Negatif
mtp bgs skl,Positif
respon oke proses cepat barang bagus,Positif
mulus ujung nya bekas tambal jg musti diganjel pake kertas kerdus tahan beban tv an inchi tutup triplek ta,Negatif
patah penyok,Positif
minggu terima pesan masalah lihat foto kursi lubang bakar kursi noda warna ungu bungkus spidol,Negatif
barang packing rapi papan meja lengkung lubang baut kayu mur gede paksain kayu retak,Positif
masukin sepatu tutup aja barang jelek jual,Negatif
bagus,Positif
ulas,Negatif
lemari gampang rakit harga oke banget,Positif
super kecewa barang drama nunggu barang telat toko lengkap bikin alamat eh terima barang jelek,Negatif
kirim cepat kalo pake ninja express sesuai janji lecet dikit pojok mur baut proses packing kaki duduka,Positif
kualitas instruksi detail skrup copot pasang,Negatif
kualitas mantap packing aman mudah rakit,Positif
jelek banget deh pintu handel nya parah sih,Negatif
mur baut atas pasang,Negatif
sesuai deskripsi,Positif
sesuai deskripsi,Positif
liat foto tarik banget beli deh kualitas over all bintang aja kaki nya bagus lap kertas alas kaki lesaat warna item,Negatif
bagus murah laci ngesaat masuk,Positif
awal kirim komplain salah kirim meja ajar nyampe rumah model bagus kini,Negatif
ulas,Negatif
rak nya bagus sepatu uk muat pasang aja,Positif
cacat alas meja nya sisi proses kirim nya kurir hati aman kam bawa qualiti sesuai harga besi holo,Negatif
mudah pasang bentuk cantik dewasa lampu nyala terang susah on off nya,Positif
milik alam buruk produksi buruk rusak komplain langsung jual customer layan uan,Negatif
mereview positif negatif tama cat lap nya bagus bahan utama tipis lengkung,Positif
milik alam buruk produksi buruk rusak komplain langsung jual customer layan uan,Negatif
nice and easy install also very cheap but table top is very vulnerable even slight impact causes scratches and marks also tabletop has very sharp edges,Positif
blm buka rakit moga awet,Positif
lebar kursi toko belah rangka rakit toko belah rangka sudahpaten jd kuat mur beli,Negatif
blm buka rakit moga awet,Positif
ulas,Negatif
rapi packingnya,Positif
bocel bocel gais,Negatif
meja nya parah tiang besi tipis tekan langsung leyot ringkih goyang goyang meja nya chat jawab pesan nya,Negatif
bintang bicara,Positif
mohon packingnya kuat barang nyampe kardus sompel ujung untung ngak patah barang bagus mahal terima kasih,Positif
layan cs buruk solusi barang kualitas sesuai harga standard sesuai expectasi,Negatif
sesuai spekk mau bahan kuat,Positif
barang cacat untung posisi,Negatif
proses cepat layan kualitas produk sesuai deskripsi gambar,Positif
warna plastik belang kualitas bagus baret dapat,Negatif
seller gercep model nya bagus barang sesuai deskripsi,Positif
buid kualitas bagus plastik belang putih baret,Negatif
presisi tunjuk kertas pandu rakit,Negatif
barang oke sesuai order,Positif
rusak pinggiranny,Negatif
blm coba fibongkar pasang moga bagus sesuai harap,Positif
produk bagus harga relatif jangkau packing aman produk terima,Positif
kualitas bagus material tipis kokoh org bobot atas jg bahaya tangga,Negatif
lubang pintu laci tutup rapat sompel kualitas aja,Negatif
respon cepat kirim oke mudah an awet,Positif
bagus suka presisi,Positif
baut tambah hpl taco shield baik lampu nya nyala harga mah,Negatif
jual komunikatif barang rakit selesai komplain,Positif
bopel rusak pecah,Negatif
barang hancuuur beli,Negatif
bagus kualitas,Positif
barang hancuuuuuurrrr fak beli toko,Negatif
cocoke rekomen ed minimal,Positif
sekian kayu kuat tahan beban sepatu kayu leot lesaat kali beli barang apa,Negatif
kereeennn kirim cepat kooperatif x belanja dsni,Positif
,Positif
laci nya harga promo yaa,Negatif
bahan kualitas,Positif
,Negatif
lumayan bahannagaj tipis,Positif
ringkih,Negatif
rakit susah instruksi burem jdi bbrp part balik pasang somplak jga bgitu dri hasil bagus th,Positif
kirim ekspedisi minggu tuju packing barang aman rusak area ujung gagang pintu engsel hilang saran dit,Negatif
material okay gan harga kompetitif repeat order mah adminnya komunikatif,Positif
kirim tanggal barang terima kaki nya mulus aman kokoh meja nya kecewa packing aga men,Negatif
ulas,Negatif
barang sesuai pesan kirim cepat packing lumayan rapih bantal kursi kotor pasang manual paper nya andal instruksi gamb,Positif
komplain baut sekrup respon kecewa,Negatif
sesuai barang,Positif
desain nya bagus bahan bagus kapasitas ku lumayan,Positif
kemas kardus lapuk kam,Negatif
alhamdulillah barang bagus panel triplek alas laci nya kirim kurang sofar untu,Positif
barang kunjung tau mana ada ekspedisi amanah barang hilang,Negatif
sensual pesan,Positif
besi penyaoke papan meja retak baut kapoke deh klo belanja lagi,Negatif
barang ringkih,Negatif
paket kursi kondisi tks seller,Positif
bagus beli x nya,Positif
bahan kayu serbuk mudah patah kualitas press triplek tutup potong kayu sangga pakai kayu tahan,Negatif
meja nya bagus kokoh,Positif
part ter las keranjang jual langsung hubung respon alas chat p,Negatif
ya begitulan,Negatif
cepat kirim,Positif
kirim cepat barang dlm spt rusak samping meja kayu meja spt gores wrn hita,Negatif
sesuai cepat terima kasih,Positif
ulas,Negatif
sesuai gambar,Positif
ulas,Negatif
kualitas barang nya bagus,Positif
ulas,Negatif
material bagus ya kokoh moga awet looove banget,Positif
kirim nya bahan nya oke pasang gamp ng,Positif
barang tanggal tanggal barang tuju terima info,Negatif
pantesan diskon gede eh tau diksh barang display belanja deh kualitas barang tek sesuai hrgnya,Negatif
bagus,Positif
uang returned,Negatif
jual responsif nyaman kirim aman gambar produk sesuai harga kualitas aman amplas,Positif
packing ada safety kasih sterofoam alhasil rusak saran nih klo udah komplain review buruk mendi,Negatif
kirim oke jual responsif produk oke anak anak warna norak puas sesuai harga terima kasih,Positif
ulas,Negatif
kwulitasnya lumayan sesuai harga titik screw center pasang center,Positif
guidance nomor part mudah rakit,Negatif
kirim cepat kemas rapi meja sesuai gambar ringkih jd hati pakai kursi patah sender msh bs pakai bs sender kw,Positif
sekrup pasang baik styrofoam kotak rusak ruang kotor,Negatif
niceee,Positif
barang cacat gimana qcnya,Negatif
kirim cepat barang aman tampil oke,Positif
kecoh gbrx pendek meter,Negatif
oke banget,Positif
gampang susun total menit instruksi komponen lengkap ekstra lubang lubang presisi nya kecuali papan ata,Positif
part,Negatif
ulas,Negatif
packing bagus komponen rakit cenderung mudah,Positif
manual booke sesuai bingung kulitas product bagus presisi kirim respon jual resposif customer,Negatif
packing bagus komponen rakit cenderung mudah,Positif
gampang pasang presisi moga awet,Positif
patahhh papan swing nya buka tempatin tubruk papan berat,Negatif
bagus sesuai harga masang keribetan jelas kertas video nya banget udh padang bagus duduk ngeri gitu,Positif
kualitas sesuai harga murah,Negatif
harga murah kualitas murah made in china,Negatif
pesan langsung rakit hasil keren layan toko juara,Positif
seller rekomendasi strong packaging cepat respon bagus kualitas produk and satisfy so,Positif
kaki skrupnya kendur bagi kaki goyang kaki kaki kokoh,Negatif
mudah rakit cacat but its okay mulus,Positif
kursi nya ukur orang dewasa pake nya nyaman kalo menurit,Negatif
cacat dikit oke,Positif
layan teliti respon cepat,Negatif
kualitas sesuai harga ngerakitnya butuh effort bagus,Positif
saran bubble wrap papa nambah biaya udah rusak kirim hati hati,Negatif
ptoduk oke rakit mudah kirim cepat,Positif
proses cepat kirim aman sayang cacat pintu kabinet top table sisi posisi,Negatif
beli unit tanggal maret datang barang maret pcs kali kali chat complain tanggal maret kunjung les,Negatif
kereeen banget meja sesuai gambar cepet cepat respon makasih,Positif
ulas,Positif
bahas tipis,Negatif
baut somplak jd kencengin gambar part udh jelek rak kepake lubang tempa,Negatif
barang sesuai harga,Positif
ulas,Positif
miring pasang laci,Negatif
ulas,Positif
lemari salah bolong bikin lubang,Negatif
meja rias terima kondisi rakit,Positif
barang serah kurir barang kunjung nyata barang hilang beli rugi ongkir bayar pengembalia,Negatif
rak mesin cuci terima kondisi rakit,Positif
barang serah kurir barang kunjung nyata barang hilang beli rugi ongkir bayar pengembalia,Negatif
oke,Positif
unit terima unit baut mur mohon kirim cek teliti komplit,Negatif
oklah jos dent pojoke kanan,Positif
packing bagus bungkus busa hindar bentur sebab rusa papan meja kaki meja ksh s,Negatif
lubang simetris pasang aplikasi pasang barang ongkirnnya mahal banget,Negatif
material bagus kirim aman rakit mudah udah beli sekian,Positif
ulas,Negatif
bahan bagus barang smpe aman mesti box y amburadul rakit mudah jual cepat respon,Positif
packingnya dus asli itu dilakban barang rusak walo packing,Negatif
admin cepat respon barang sesuai gambar saran buyer kalo pake instant aja ngurangin resiko meja rusak anter kargo m,Positif
kaki y,Negatif
baranf pasang,Positif
bahan bagus rakit mudah kirim ekspedisi nya thank u seller,Positif
kursi turun duduk tuas pegas tekan,Negatif
mksh kak patah,Positif
beli susun sistem tumpuk susun aneh bin maksa banget jual susun kasih baut mur sambung nya pulak koke papan nya jg dukung sambung,Negatif
barang minggu,Negatif
lambat jadwal tentu,Positif
drawer alas pake karton plywood,Negatif
lambat jadwal tentu jasa kirim,Positif
salah box rangka salah ukur rakit penuh qc perhati,Negatif
rakit mudah meja oke styrofoamnya ancur bikin bala rakit,Positif
kelupas cat ujung pintu lemari toko hubung mrk angkat tangan hubung kirim alas periksa teta,Negatif
bingung ngerakitnya tunjuk detail lumayan moga awet trmksh,Positif
puas kirim aman meja goyang pakai meja laptop,Positif
maaf review jual responsif sedia bantu terimakasih pengirman lambat jne cargo tangerng depoke kalo terbang jkt amerika dah bolak,Negatif
kirim rusa,Negatif
kirim cepat sesuai gambar tempelin sticker ya nya beda corak sesuai kitchen set rumah,Positif
ulas,Negatif
cepat packaging rapi mudah instalasi,Positif
kirim cepat emas bagus barang debu tunjuk pasang engsel kaca lubang pemasanganya susah tau p,Negatif
ajip,Positif
patah parah kait diakalin lecet mah hiks hiks fungsi deh kirain gede muat sepatu cowo hehe,Positif
kualitas barang karenag bagus pandu pasang niat,Negatif
pesan white naxy dtngnya nya smua white,Negatif
alhamdulillah tunggu tunggu,Positif
cepat respon barang sesuai,Positif
barang contoh gambar beda jauuuuh besi nya tipis manual nya nga alur nya tulis buang duit aja,Negatif
pesennyaa motif putih gpp dah,Negatif
harga murah kualitas mantap,Positif
plat tipis sesuai harga rakit kuat pakai hitung,Positif
sampai bareng pesan sobek kursi plastik udah gpp diusahain lem,Negatif
bagus kuat kokoh pasang aja ribet worth it siih,Positif
ga duduk engsel pintu kalow ngebuka bitu y ngejeblos kirim sanagat kirim tanggal sampe tanggal blna y,Negatif
bagus kokoh,Positif
kecewa berat kiri kanan baut kunci foto produk baut nyangka jaman perabot,Negatif
beli minggu papan leot susah tutup komplen jual dib lagi overload sepatu pdhal masuk sepatu sesuai kapasitas,Negatif
barang sesuai pesan cacat expedisi nya hati gpp lem mesti hasil rapih respon toko thank yo,Positif
kaki nya gatau gaksama gimana jd gujlak gitu meja nya gerak kaki nya syg banget,Positif
yah harga kualitas,Negatif
alhamdulilah kursi bagus sesuai pesan respon toko makasih seler makasih bang kurir,Positif
baut hambur gencet papan somplak,Negatif
ulas,Positif
ulas,Negatif
mudah an awet tahan barang nya bgs minimal,Positif
beli joint copot,Negatif
bagus lumayan kokoh pasang nya mudah,Positif
tolong refund aja uang,Negatif
kualitas sesuai harga pendek,Positif
ccat,Negatif
lobang meja dibolongin besi jd susah,Negatif
bagus kursi nya oke,Positif
lucu mungil barang bagus kirim cepat terima kasih,Positif
engsel,Negatif
disain bagus built kualitas sesuai harga kokoh kabel manajemen tantang meja pinter nyusun kabel,Positif
engsel gampang lepas,Negatif
besi tipis ringkih,Negatif
instalasi mudah part lengkap ukur sesuai deskripsi,Positif
kunci,Positif
dateng kardus udah reyot barang udah ngelotoke kecewa sih kualitas sesuau,Negatif
butuh kurleb jam rakit kertas tunjuk jekas bbrp cacat produksi,Negatif
salut adminnya cepat respon mautanggung bilang kardus rusak kurir verefek barang minus dikit finishin,Positif
trmksh harga rbu uda smpe rumah uda rangkai walo butuh jam puas sih,Positif
info sudut harap kam penyoke sampe tuju untung penyoke nampak penyoke,Negatif
foto udh wakil komplain,Negatif
sesuai review beli ukur minimal rumah ku mini keren simple terima kasih a lot seller,Positif
paket kemas rapi jebol,Negatif
rak bagus rapi mudah pasang cepat,Positif
ulas,Negatif
kualitas lecet kunci fungsi stoke kualtas padan harga,Positif
ulas,Negatif
pasang mudah tunjuk marking baut hitung besi papan meja kuat,Positif
tangga oke produk kirim jasa ekspedisi,Negatif
pasang mudah baut pasang kursi goyang baut kualitas plastik tipis tebal sender teras,Positif
barang bagus lumayan kuat harga murah kecewa dagang kurir order tanggal tanggal tangerang kota tangerang kabupaten ckckck,Negatif
bagus,Positif
bagus,Positif
barang joroke koyak,Negatif
lemari bau aneh ilang udah mgg masang nya susah ampe jari darah,Negatif
barang bagus cm lentur sandar,Positif
ukur anak,Negatif
masangnya pr banget see,Positif
masangnya pr banget seee,Positif
barang rusak ttp aja kirim,Negatif
barang ooke instalasi mudah mur obeng dkk lengkap kardus rekomen ed toko,Positif
part retak bocel coba komplain responnya okay kualitas aja,Negatif
produk rakit sempurna lubang pintu laci sedia produk bor lubang alhamdulilah video terlampi,Negatif
barang bagus sesuai deskripsi instalasi mudah kirim aja jne tangerang krw,Positif
clear instruksi pasang nya part terkelusaat,Negatif
sesuai pesan cuman kirim barang terima kemas rusak ujung kardus rusa signifikan kurir tar,Positif
desin oke banget sayang bahan tipis kuat gambar promosi kaki pikir kayu bahan pralon pvc tipis kokoh mu,Negatif
meja terima kondisi rakit,Positif
produk oke sesuai harga,Positif
barang kirim barang kardus udah buluk sterofoam nempel barang buka kayu nya patah kecewa banget,Negatif
lemari gampang rakit harga oke banget kualitas bagus warna sesuai jual ramah banget terima kasih ya,Positif
cashback curi balek batal kirim bal habis juta pecah lambat kargo waspada barang krg bener oglek tipis kompong,Negatif
bagus mudah rakit,Positif
meja nya onglek gasama kaki,Negatif
pasang nya rempong banget,Positif
sayang banget kardus bolong baut hilang,Negatif
barang lengkap cacat,Positif
kualitas nya beban tumpu pintu baut nya pasang vertikal sangga hasil nya hitung jam copot bongkar akalin t,Negatif
ulas,Negatif
mantap pasang sempurna,Positif
part part kayu somplak,Negatif
kualitas lumayan harga segitu boncel retak,Positif
barang bagus hidroliknya hitam putih lebihkeren makasih tetep bagus,Positif
ulas,Negatif
alhamdulilla ontime bagus nih,Positif
ulas,Negatif
pesan terimakasih recommend,Positif
tingkat besi papan,Negatif
gatau ngasih bintang mesti jual kirim ekspedisi super lambat jelas alhamdulil,Positif
barang retak baut kalo retak salah ekspedisi maklum baut ter solve admin tunggu ba,Negatif
ulas,Negatif
kecewa sih unboxing komponen papan kiri kanan patah tolong perhati steorofom nya tebelan meminimalisir bentur,Positif
packing cuman kasih kardus meja bolong silah nilai,Negatif
super jual barang sesuai deskipsi jual jujur kirim packing cepat aman sipppp happppy,Positif
barang lengkap jual komunikatif kirim item kurir toko,Positif
kayu meja gelembung,Negatif
pintu ngak bs pasang just in general qualitas bagus,Negatif
barang lengkap jual komunikatif kirim item kurir toko,Positif
ulas,Positif
after product arrived incomplete the chairs are very small and unstable bad product bad service,Negatif
first order never arrived second order produkt arrived incomplete once the missing parts got delivered the chairs are super small and very unstable maybe for childe,Negatif
ulas,Positif
ulas,Negatif
mantaf sesuai harap pasang mudah,Positif
besi foto iklan lebar besi cm asli cm kaki besi mepet sudut papan daun meja foto asli sudut pa,Negatif
jual ramah komunikatif rak bagus sih cacat ganggu wkwkwk tambal diakalin ya moga a,Positif
packing bagus cuman blm lihat barang sih smg sesuai harap,Positif
harga sm usaha ngerakit nya ya banding kirain tinggal system knockdown msh nya paku kcl tambah buku pandu nya bahasa mandarin gmn setel,Negatif
paking niat bubble wrap lapis dilakban cuman tempel aja akibatnua ban hilang hidrolis hilang inti kepak,Negatif
kursi bagus nyaman lumayan ergonomis rakit mudah bingung serta manual booke kalo bingung mesti dm toko,Positif
paking ala kadar,Negatif
review beli lebar keramik ukur dikit mungil harga sdkt overprice kualitas xoxo fragile anda harga lebihmurah,Positif
pendek meja,Negatif
paket dah nyampe meja lipat bagus bahan bagus kokoh ukur kirim cepat recomanded terima kasih,Positif
rakit mudah cacat barang,Negatif
rakit bagus,Positif
belanja toko buruk,Negatif
bagus guna tata sepatu biar rapih,Positif
so so ya asli pict but partnya gores but not bad,Negatif
beli bagus nyaman pakai,Positif
barang beli toko timbang reorder toko masala,Negatif
barang nya bagus sekak rim packing nya jg aman,Positif
barang beli toko timbang reorder toko masala,Negatif
barang bagus jasa kirim muas,Positif
baut sesuai ukur pendek lesaat huhuhu kursi sandar kokoh mlenyot kalo nyeder,Negatif
barang bagus packing nya safety,Positif
meja terima kondisi rakit,Positif
ulas,Negatif
ringki enteng kualitas sesuai harap barang retak,Negatif
baguuussssssss,Positif
bangku nya bagus rapih kokoh rekomended,Positif
lengkap kondisi fisik,Negatif
responnya lambat beli tanggal feb sistem mesti lambat tanggal realisasi tanggal nyampe salah expedisi lihat,Negatif
kursi terima kondisi rakit,Positif
kirim,Negatif
barang oke sesuai deskripsi gambar packing aman kirim cepat,Positif
lumayan,Positif
ulas,Negatif
oke sip,Positif
monitasli ng kirim lemah smp komplain berat toped baru respon barang blm lihat buka asumsi barang bagus,Negatif
pasang mudah moga kuat awet,Positif
toko niat jual niat nipu logika mana daun meja pake partikel wood tipis kaki besi o mm tonjoke aja peot baud masalah ad,Negatif
kualitas plat bingkai ya tipis mudah penyoke cover kertas kardus jd mudah rusak desain pasang mudah kualitas barang bagus,Positif
barang nya somplak,Negatif
barang worthed for price handling order slow respon order jam eksekusi atas jam eksekusi pagi bilamana,Negatif
terimkasih barang mesti kaki message jual responsif kurang kaki kirim best jual,Positif
mohon lampu y terang maximal barang y sih oke titik cacat,Positif
packing rapi meja pecah,Negatif
mudah rakit pakai bor listrik hahaha,Positif
beli rak susun part c lengkap akibat rak susun komplain part c rak nya eh refund harga part nya,Negatif
led nyala tempel sheet list rapi,Negatif
pasang gampang krg presisi pintu nya,Positif
susah rakit jelas pakai mandarin bahasa inggris bbrp baut hilang kardus penyoke rusak,Negatif
mantap nyeduh kopi,Positif
tampil bagus ukur material alas laci cover tipis banget kursi kursi hil,Negatif
barang bagus,Positif
ulas,Negatif
bercak lapis merah baret dikit bagus rakit,Positif
ujung penyok,Negatif
barang aman,Positif
barang sesuai foto iklan warna coklat gold kilap foto busa tipis foto iklann,Negatif
barang oke kurir super stuck gera gudang kota tuju,Positif
bahan jelek baut kaki copot,Negatif
produk nya lari gambar deskripsi lupa cantum bahan kaki meja plastik me,Positif
susah rakit tunjuk bahasa asing produk sesuai estimasi lambat,Negatif
barang bagus packing rapih aman jual koorperatif syang expedisi sicepat cargo masalah unit barang tahan smpe minggu compaint cous,Positif
kualitas barang bagus cuman powernya model koke akal ya bawa pakai batere modifikasi pakai usb fungsi jalan getara,Positif
produk oke kirim oke kertas rakit bahasa mandarin gambar kurang mur bawah meja kode e moga teliti p,Negatif
sesuai gambar notes instruksi sembarang beda model cs nya top responsif kendala,Negatif
qualitas bagus kemas oke ukur sepatu atas slot rak,Positif
murah riah bagus,Positif
pasang ribet euy,Negatif
rusak buku manual,Negatif
bagus part hilang kirim aman packing aman,Positif
bagus part hilang kirim aman packing aman,Positif
packinh bagus part patah,Negatif
kirim konfirmasi barang hilang jne serah terima alias terima barang dri kirim anggap hilang b,Negatif
pesan rakit bagus hasil terima kasih,Positif
the packaging is not bagus half of the skrews were missing i will reuse the shelves somehow but will not order again for sure,Negatif
cakep uhuy order ah,Positif
byk lecet wkt kirim foto upload banget sudut meja banget nya ken retur aja gimana ba,Negatif
barang terima sesuai pesan bagus job tingkat,Positif
bagus,Positif
papan kayu solid ya gimana harga segitu oke,Negatif
presisi pasang gampang kaki nya cocoke geser dikit uda lesaat kaki nya saran sih cm banding in dl beli,Negatif
mayan bagus empuk pasang susah butuh orang,Positif
pasang susah uda pake tukang hasil presisi sesuai foto mending beli mahal dikit kepake,Negatif
harga murah mudah perakitanya bagus,Positif
lobang meja nya meja nya goyang beli meja saran beli harga atas buang uang make nya malas,Negatif
cepat barang sesuai pesan,Positif
barang rapih presisi tunjuk tulis packaging solid,Negatif
produk terima dlm cocoke anak terima kasih,Positif
minus emas karung beras untung nya aman kirim pake kargo,Positif
kemas proper untung rusak instruksi pasang huruf huruf nya banget,Negatif
rak bagus bagi retak,Positif
ulas,Negatif
ulas,Negatif
ok,Positif
cepat respon kirim cpt,Positif
busuk kualitas buruk,Negatif
ulas,Negatif
bagus mudah rakit,Positif
oke tampil rakit moga awet baut ikat kayu rekat kuat layak baut ulir mur nya,Positif
ujung meja mdfnya pecah tau akal sprti ttp ganggu proteksi ekstra ktnya aman cmn stryrofoam kardus stan,Negatif
sepenuh sesuai display product poto produk pintu lemari warna putih buk asli warna merah dangat ganggu pandang built kualitas,Negatif
toko kurir barang telat alas x kirim jam an alas org rmh pdhl org rmh hp bel rmh security komplek aktif jam milik,Positif
klik warna hitam dateng putih cm yaudalah barang,Positif
beli ngeliat tampil bagus simple masangnya banget deh tunjuk pasang bahasa indonesia nomer nya ny,Negatif
packing untungny brang nd smpe rusak bbrpa item sm toko ny krim bantu kurang alhasil selesai pasang,Positif
barang buka kayu patah dirakot elemenya kirang beli sepatu pintu ringkih,Negatif
baut g,Negatif
pesan kursi meja kirim kursi lampir detail pesan barang kirim mohon solusi jual kali kirim telit,Positif
warning pasang instruksi bahasa asing huruf packing jujur beranta untung aja barang ngk rusak,Negatif
build kualitas bagus finishing mulus sesuai harga sih oke banget kokoh mesti layer,Positif
puas rak harga sahabat kualitas oke,Positif
instruksi pasang huruf hati hati packingnya bagus,Negatif
readme nya susah erti untung kursi informa tinggal cocokin aja btw beda kualitas informa harga barang lumaya,Negatif
worth it harga jangkau bikin dapur cantik,Positif
mantap kecewa rekomended bnget,Positif
nipu barang,Negatif
ulas,Positif
nipu barang terima,Negatif
retak kayu ya okee pakai nicee one,Positif
pakai kayu lengkung lengkung baut dol tampil bagus awet produk,Negatif
ukur sesuai gambar,Negatif
harga rupa kursi nyaman busa bagi duduk yah oke banget moga awet,Positif
baramg sesuai pesan muat,Positif
rak ndakbisa susun tepi anak buka video komplain udah lanjur konfirmasi selesai ajar ber,Negatif
mantap packing barang nya,Positif
kirim tanggal tanggal barang kirim jne respon jual utama beli cepat respon,Negatif
ulas,Positif
box buka kualitas tipis jelek gambar buku istruksi lobangnya posisi beda completely wrong and bad please don t buy this cabinet,Negatif
barang rumah jne trucking nunggu dapet status stuck jakarta fitur tokopedia pikir kali,Positif
barang sampe hilang,Negatif
barang smp hilang,Negatif
udah dipake camping bagus kokoh no minus keren,Positif
build material solid finishing layan cepat packing buble wrap over all rekomen ed,Positif
kwalitas jelek,Negatif
ulas,Negatif
bagus layan ramah manual mudah erti terimakasih,Positif
hasil bagus bener bener kaleng klo mw beli rak buku minimal ngga ngebor ngegetoke bikin berisik udh pick aja mudah banget masangnya,Positif
ukur ya kacamata masuk penuh tutup dinyalain getar mesin kenceng sampe geser alat nya jual nya oke cepet,Negatif
kualitas barang rendah sender ngga kuat disenederin langsung bengkoke,Negatif
seller cepat respon packing aman kursi terima cacat rakit mudah presisi,Positif
seller cepat respon packing aman meja terima cacat rakit mudah presisi,Positif
kualitas ngga bagus ukur ngga akurat pintu laci depan ngga muat divider dalam pendek ngga pasang,Negatif
tahan lemari presisi mudah dol bawah lagisg patah tahan plastik kualitas nya akalin pake tahan sendi,Negatif
bagus,Positif
rangka tipis beda gambar tebal dont expect to much harga rupa,Negatif
mantap udah pokok,Positif
ongkir selesai layan toko barang oke refund dana ongkir terima kasih,Positif
not bad barang qc lumayan gompal sbagian sisi meja nya,Negatif
mejanyq gbs rakit sesuai pintu dll,Negatif
selesai terima kasih,Positif
gambar contoh pasang contoh gambar barang skrg pasang,Negatif
barang oke,Positif
sudut meja somplak,Negatif
meja nya keren gaboong keren,Positif
sayang lecet gojek instant liat gudang plastikny bolong jdny daerah bolong noda hitam lap tisue basah hilang,Negatif
duduk cocoke kemping alu acara pamer rekomended seller,Positif
kirim cepat barang sesuai bagus,Positif
bahan sih kokoh qc nya jelek buka besi nya penyoke,Negatif
part box info cs minggu partnya kunjung sorry ya kak sampe part hilang nya ganti kasih bin,Negatif
barang bagus moga awet,Positif
barang bagus rakit balik over all puas harga segitu minus kurir proses kirim minggu,Positif
kualitas barang standard sisi cacat kaki meja hpl direkatin baut instruksi,Negatif
bahan bagus gampang rakit packing rapi barang rusak jg ganti jual andal order kali,Positif
produk kotor kwalitas ada,Negatif
barang penyoke gatau udah penyoke jual kirim jne cargo,Negatif
bagus oke,Positif
bagus rakit papan nya kasih no urut pasang biar g salah atu x kerja pusing nya,Positif
lecet,Negatif
produk sesuai iklan selller layan,Positif
lecet meja,Negatif
laci sisi samping rusak bahan mdf cacat laci roller buka laci jatuh kirim telat,Negatif
produk sesuai iklan selller layan,Positif
telat mdf cacat,Negatif
produk sesuai iklan selller layan,Positif
ulas,Negatif
meja bagus kokoh,Positif
barang mulus sesuai deskripsi baut papan tutup laci extra nambahin bahan baut bnyak baut paku terpa,Positif
sekrup datar,Negatif
barang sesuai deskripsi respon jual ramah cepat bagus,Positif
barang alamat komplain aju dana kembali,Negatif
kualitas barang bagus cuman tutup lemari patah udah info feedback nih,Positif
kualitas barang maximal duduk nya sobek,Negatif
sesuai pesan bagus kokoh cuman sayang bahan meja nya pakai bubuk gergaji pure kayu oke sih harga gin worth to buy,Positif
padu serasi lapak expedisi pesan des jan tunggu paket acak kadut buka bikin takjub barang beret parah baut td,Negatif
mudah bangun cantik harga jangkau,Positif
sobek alas kursi,Negatif
rak lumayan kokoh kualitas sesuai harga,Positif
banget bikin bingung dipake desain kayu ngesaat koclak koclak laci kaki not rekomendasi banget dah,Negatif
part solusi kecewa,Negatif
ukur pinggir makan barang terima material lumayan oke,Positif
barang dtg kotor tunjuk pasang jual balas,Negatif
kualitas material bagus mudah rakit,Positif
meja bagus kokoh worth it harga,Positif
besi nya tipis smoga depan baik,Negatif
bagus,Positif
meja goyang banget,Negatif
maap nih bocel mur lengkap untung diakalin bukaanya keset sussah yaah oke dipake tau awet,Negatif
bagus,Positif
ulas,Negatif
beli kali nya jual sebenernya responsif packing jg harus nya udh aman ya jual mkn nonggol wkt proses ekspedisi untu,Positif
besi kualitas lumayan sesuai harga,Negatif
cantik,Positif
ulas,Positif
meja bagus sayang kotak bau pesing buka meja bau lap pake bersih meja bau hilang segi desi,Negatif
toko teliti pilih jenis barang mesan sesuai deskripsi layer pasang layer langgan,Negatif
murah desain oke pasang gampang finishing emang serapih ikea,Positif
komponen kirim salah duduk sesuai promosinys,Negatif
minimal desain,Positif
sampai stiker nya sobek,Negatif
kokoh,Positif
led mati,Negatif
barang oke sesuai harga,Positif
part lubang pasang sisi rusak moga awet,Negatif
meja bagus sesuai harga lumayan goyang taro ujung,Positif
bagus mudah pasang moga awet,Positif
produk bagus kokoh design rapi sesuai gambar kirim nunggu minggu tambah produk terima kondisi baret,Negatif
sambung lubang pas,Negatif
barang sesuaiii rekomen ed jual,Positif
pikir laci pintu baut lengkap,Negatif
sesuai deskripsi,Positif
materi oke kuat kokoh jual ramah cepat response tunjuk pasang baut lebih cadang uda gitu cacat baut,Positif
ulas,Negatif
juang jam pasang meja lumayan olah raga,Positif
tdk sesuai harap,Negatif
mmg baca ulas beli masalah packagingnya jg ngalamin beli pcs dus ma,Negatif
partisi tempel,Positif
produk kualitas kokoh pasang mudah,Positif
kualitas mwngecewakan kokoh kabibetnya sebandinf harga,Negatif
patah kayu dasar,Positif
puas hasil beda foto asli pasang ribet tidal papan bolong sekrup nomernya laci jg ti,Negatif
bagus banget bahan bagus model cantik elegan kirim cepat jual nya pokok recommend banget,Positif
kirim banget lebih oke jual ramah gercep,Negatif
improve qc barang kirim baik packing barang sampe customer kondisi,Positif
seller responsif banget issue gercep bales barang kirim instruksi part instruksi digital kirim jual update beber,Negatif
kerangka besi gampang patah,Negatif
oke,Positif
presisi harap baik,Negatif
terima,Positif
terima,Positif
bli toko barang sampah jual,Negatif
meja sturdy kaki goyang,Negatif
barang bagus sesuai deskripsi mantap terima kasih,Positif
pakai jne trucking agen jne telaten pesan hilang agen tempar jual kirim barang jual cepat response balas pe,Negatif
lumayan,Positif
cocoke mesin top loading foto mesin cuci sharp ukur kg,Positif
kemas safety kardus sudut nya sobek kondisi papan sudut lindung sterofoam,Negatif
ya nama barang murah model aja bagus biar presisi ganjal ganjal jelek istimewa b aja harga gin,Positif
kualitas barang jelek banget tunjuk rakit kayu lenting kanan kiri imbang kapoke jelek banget,Negatif
pasang kokoh,Positif
sekrup masuk salah crossbarnya jual ngelawak stocknya ya iya instruksi mmg masuk si,Negatif
sesuai ekspektasi muat realitanya muat,Negatif
v vcc to tx m,Positif
layan,Positif
material jelek,Negatif
ulas,Negatif
barang cepat jual ramah informatif barang kokoh presisi mudah rakit,Positif
standar g bgs bgs,Negatif
terima sesuai prediksi rusa fungsi worthy maap ya sempet ngasih ulas sibuk lebaran kemaren,Positif
barang bagus proses kirim barang sampe mulus retak rusak plastik baut bolong seh,Negatif
ukur mudah rangkai kokoh,Positif
ulas,Negatif
ulas,Positif
barang dent packing rapi,Negatif
kirim oke kualitas lumayan bagus mudah an cepat getas,Positif
musik ingat dimarahain ortu,Negatif
hasil rakit tulis manual bs baca baut cocoke akal materiam rapi potong h,Positif
cepat proses dah mudah rakit lumayan kokoh,Positif
barang,Negatif
kali pesan pesan salah kirim pesan lengkap baut aksesasli s nya,Negatif
biar bintang bicara jual nya ramah,Positif
salah barang,Negatif
gampang atur barang oke tulis pandu pasang banget,Positif
pasang susah nomor pandu kali nomor pandu barang bagus,Positif
barang buka rusak,Negatif
barang sesuai foto mantap moga awet,Positif
layan buruk,Negatif
bagus balik pasang selesai,Positif
ulas,Negatif
part balik las pasang,Negatif
produk bagus respon jual ok,Positif
ulas,Negatif
oke,Positif
sekrup kurang,Negatif
lumayan,Positif
meja bagus simpel meja nya bagus ramping,Positif
kokoh,Negatif
pasang butuh effort manual tunjuk pasang ngga hobi puzzle mgkn suka penuh tantang butuh bbrp hr ilangin bau bahan,Negatif
worth it kayu bahan tebal kokol,Positif
retak,Negatif
barang terima kirim cepat,Positif
lumayan kualitas sesuai harga,Positif
ulas,Negatif
mur baud meja ajar pasang kecewa,Negatif
mantep nih,Positif
kualitas bagus harga jangkau rapih,Positif
kualitas kirim,Negatif
respon cepat kirim lambat sesuai pilih kurir,Negatif
rak lemari mudah rangkai ujung terkelusaat lem,Positif
meja lumayan kokoh daun meja tebal nerat sayang titik cacat foto spertinya proses simpan bagus sesuai harga ribu,Negatif
minor fisher papan meja balik korek pasang lebih ok,Positif
tunggu minggu barang terima komplain barang hilang kirim koke,Negatif
simple bagus kecewa harga segitu,Positif
manual bahasa mandarin packaging ada angkat baut kardus,Negatif
meja bagus kokoh harga gin pasang gampang cepat aja bingung jenis baut terang,Positif
pasang pake bahasa cina skrupnya taruh sembarang,Negatif
bagus seh walopun tipis papan kirim lumayan lengkap sesuai penyoke dikit ujung untung tutup,Positif
sekrup,Negatif
bagus,Positif
pandu rakit,Negatif
bagus,Positif
barang terima patah jd rakit jd meja ajar,Negatif
bgs wkt tks,Positif
ulas,Positif
a lot of scratches on the table angles damaged,Negatif
bagus,Positif
kasih bintang effornya baik salah baut minifix rak pasang lapor jual kirim bel,Negatif
bagus kirim aman,Positif
meja kokoh,Negatif
rumit,Negatif
mungil minimal hehehe terima kasih,Positif
cakep meja,Positif
barang susah rangkai tunjuk,Negatif
kirim cepat barang bagus sesuai gambar duduk injak kaki plastik kuat,Positif
baut lapis nya ngelusaat admin kasi solusi customer salah ekspedisi nya,Negatif
ulas,Negatif
barang bagus banget mudah proses rakit,Positif
ulas,Negatif
fungsi pakai anak lebar nya drpd pakai dewasa papa muat beban baju berat tumpu,Positif
meja sih bagus minus gampang banget goyang ringkih rekomen beli ajar,Negatif
bagus estetik sayang nomor lengkap terka bebrpa lubang baut skrup baut masuk,Positif
abai barang beranta meja nya ok,Positif
baut nya lengkap trus ganjelan laci nya gede lobang nya kaki nya jd diganjel,Negatif
barangya bagus cuman sayang papa pata,Negatif
kualitas sesuai harga desain estetik mudah rakit,Positif
seller responsif,Positif
oke sih bahan kaya mmg harga segitu barang bagus diskon mmg barang diupntrus didiokon gede makasih,Negatif
sandar kursi lembek swkali bahaya orang tau,Negatif
harga oke warna sesuai ukur sesuai barang aman susah sih ngerakitnya manggil tukang auto,Positif
ngk kasih ulas barang ngk dtg,Negatif
barang bagus packingnya rapih jd lecet,Positif
ngk kasih ulas barang ngk dtg,Negatif
bahan besi nya tipis kokoh,Positif
sy terima dlm kondisi dlm dus br bs buka tukang bantu br bs baut bs pasang jg,Negatif
bagus,Positif
barang komplet packing oke bagus,Positif
lubang pakai slot kanan,Negatif
ga sesuai foto merah polos gaada polkadot,Negatif
barang oke tanggap jual oke jne trucking lambat kalo pakai cargo alternatif,Positif
persisi,Negatif
barang bagus jangkau penyoke sudut kirim magnet susah pasang presisi mula pakai,Positif
harga rupa,Negatif
kualitas material bagus worth it harga kuat tahan tv inch,Positif
baut gaada baut pegang laci nya ngga,Positif
harga rupa,Negatif
harga rupa,Negatif
packing rapi sudut penyoke kondisi barang kotor build kualitas kualitas control tolong baik ya,Positif
oke banget trima kasih yaaa,Positif
harga rupa,Negatif
kirim cepat pasang mudah koke kayak kualitas barang sesuai gambar jual tokped ya gambar kualitas bahan ter,Negatif
barang sesuai pesan tunjuk pasang detail pasang bingung baut nya type baut,Positif
packing lumayan,Positif
barang terima cacat,Negatif
packing lumayan,Positif
barang terima cacat,Negatif
respon cepatt kirim cepat kualitas barang cacat,Positif
rusa,Negatif
kualitas mantap sesuai harga tampil cakep banget,Positif
kirim cepat pasang mudah koke kayak kualitas barang sesuai gambar jual tokped ya gambar kualitas bahan ter,Negatif
,Positif
barang terima cacat,Negatif
barang terima cacat,Negatif
jml part lengkap part plastik patah retak diakalin lem fungsi mesti perfect,Positif
barang sesuai,Positif
rusa,Negatif
meja aman,Positif
kirim lecet,Negatif
barang aman kondisi bagus,Positif
kirim lecet,Negatif
barang bagus kirim packing oke tunjuk pasang,Positif
kualitas packing isolasi nya kaki besi karat aman pakcaging mudah sobek,Negatif
seller ramah pegiriman cepat packing aplikasi mudah barang lengkap,Positif
barang hilang ya gaess ya terima kasih,Negatif
ulas,Negatif
barangy lumayan ya j y triplek kertas keras j btw next klo kirim cek dl y min jgn sampe tinggal thx,Positif
masangnya lumayan juang part presisi kirim cepet,Positif
barang hilang ya gaess ya terima kasih,Negatif
ulas,Negatif
mantep sih harga gin kualitas nya oke,Positif
bagus kirim aja,Positif
sebenernya produk harga oke produk kirim salah warna kemas kirim aman lecet,Negatif
bahan bagus kokoh potong rapi presisi proses rakit mudah paham tata lembar pa,Positif
mantap juang paham tunjuk pasang tulis rakit tenaga ekstra,Positif
barang bagus mesti part kesan presisi bagus koke,Positif
barang bagus rangka besi bagus foto lebihkecil,Positif
oke banget beli,Positif
ulas,Positif
ulas,Positif
barang nya bagus ngrakit nya butuh jm barang nya oke banget,Positif
produk bagus layan muas ambil langsung gudang tolong rakit biaya jangkau terima kasih ne,Positif
ya lumayan sesuai harga lecet pocel dikit sendal sepatu jg muat,Positif
seller responnya cepat barang muas sesuai ekspektasi masangnya penuh juang sayang ekspedisi kemarin semiga awet,Positif
sesuai mantap,Positif
meja bagus material aluminium sesuai gambar layan kurir bagus,Positif
nice,Positif
barang bagus sesuai foto,Positif
nice,Positif
pasang moga awet,Positif
barang bagus rusak ngerakit gampang gampang susah bingung pasang nya,Positif
kualitas bagus kokoh,Positif
oke oke ok,Positif
langgan beli perabot rumah tangga homedoki kualitas jempol model elegan kuat instalasi mudah,Positif
nice,Positif
barang terima blm rakit moga keluh,Positif
barang terima blm rakit moga keluh mksh,Positif
seller responsif cepat rak sesuai deskripsi beli cek ukur butuh,Positif
mur mur e nya modifikasi kirim cepat layan bagus,Positif
kirim rada bikin khawatir rakit butuh juang pasang hasil ok,Positif
hasil bagus plastik masuk kepake instruksi kaki kaki aja ngga dijelasin effort gitu gede ngerakitnya,Positif
beneran bagus,Positif
mantab sesuai deskripsi,Positif
seller cepat respon barang belon buka hehe,Positif
mice,Positif
kualitas produk oke cacat sudut kanan sambung rapi proses cepat jual ramah komunikatif,Positif
pesan sesuai jual merespon cepat rak tv nya bagus mantap bonus obeng terima kasih,Positif
ringkih pasang sempurna baut lengkap,Positif
lumayan cm hrs muter otak banget masang maklum bkn tukang,Positif
meja bagus masangnya gampang toko ramah,Positif
jeli lihat tunjuk rakit hasil muas packing aman,Positif
kualitas oke tunjuk pasang aja susah erti tunjuk salag aga ribet masang nya,Positif
kalo segi harga oke kualitas gin tolong banget depan bikin rangka rapih ya guna assembly mandiri denga,Positif
rakit gampang sesuai instruksi obeng,Positif
bagus kursi sesuai dng gambar,Positif
jos gandos harga murmer,Positif
jos gandos harga murmer,Positif
normal bagus ya lumayan sih bahan oke bocel finishing hplnya papan nya nomor debu board,Positif
ulas,Positif
bahan sesuai deskripsi kirim cepat,Positif
lemari kokoh part lengkap mudah instalasi rekomen,Positif
mantab kualitas bagus moga awet,Positif
barang bagus kirim lambat lebaran maklum anyway rekomen,Positif
bagus,Positif
meja kondisi perfect pakai anak,Positif
kursi bagus sesuai pict rusak,Positif
proses cepat respon jual mudah rakit bahan bagus mantaaaaaapp,Positif
selesai rakit meja bagus tinggi ideal nulis ngetik dll kayu nya halus kotor,Positif
mantap rapi baut lebihin bantu,Positif
barang meja nya pasang harga murah kualitas nya bagus rakit nya mudah layan nya bagus terimakasih bantu fol,Positif
cacat produk kirim jual tanggung refund,Positif
barang bagus,Positif
seller ramah kirim cepat order masuk lagisg kabarin mantap,Positif
worth laaah harga sesuai kualitas,Positif
oke lubang bikin lubang baut nya,Positif
barang sesuau fungsi kacamata bersih banding metode lap biasaa,Positif
layan bagus respon cepat kirim okee barang bagus sayang pesan putih motif wood gpp fungsi kar,Positif
proses cepat produk bagus sesuai ekspektasi buku buku rapi,Positif
barang bagus bahan mdf nya kuat jg minus nya kasih bahan triplek,Positif
sesuai moga awet pandu rakit nya gambar saran aja nih pandu hitam putih jd titik lobang nya,Positif
bagus,Positif
cacat lapis kayu lapis engsel plastik pecah patah,Positif
sesuai foto rekomendasi beli,Positif
sesuai foto bagus model ringkih ya bahan kayu sesuai harga sih murah murah hehe hati cuk,Positif
barang aman wlpun bbrp kardus nya sobek mkn ekpedisi harga oke flash sale kirim lamaaa tepat cuti,Positif
oke klupaan lubang baut besi rangka no akal qc hrs teliti,Positif
oke mesti lecet gapapa,Positif
mantap barang terima sesuai harap packingnya rapi,Positif
produk sesuai packing rapi kirim cepat jual responsif,Positif
kokoh gampang pasang,Positif
bagu sesuai harap,Positif
barang terima rakit tks,Positif
kirim cepat kondisi oke banget,Positif
kursi plastik tebel hrga segitu ya oke model cantik rakit gampang,Positif
barang sesuai deskripsi meja kokoh anti reyot reyot klub bongkar pasang mudah,Positif
kursi tuju aman respon jual okee kesabaranny lembar tisu bagi bngung pasangny putar tutasli al you ube aja yaaa bonus fot,Positif
lumayan bagus dapur rapih cocoke taruh microwave oven pasang susah banget bahan kayu oke tipis bau,Positif
trimakasih kualitas barang bagus fungsi pass,Positif
fungsi packing aman,Positif
meja kokoh pasang gampang pakai intuisi buku tunjuk mantap,Positif
sellernya ramah gercep,Positif
admin cepat tanggap barang mudah pasang obeng thank you moga awet,Positif
rakit nya gampang kualitas ok,Positif
lapis ngelusaat instruksi nya sulit paham magnet nya pasang bingung pakai mur pakai paku next,Positif
kasih bonus bintang minus dasar meja penyoke ujung kika sisi it s oke terimakasih ya gan,Positif
ulas,Positif
kualitas bagus tunjuk pasang,Positif
produk bagus rapi rakit mudah kotor,Positif
rakit mudah material tipis kuat moga awet lumayan harga segitu,Positif
kualitas barang bagus tunjuk pasang sedia obeng extra screw,Positif
bingung ngrakitnya ahli rakit rakit pakai,Positif
material lengkap hasil rakit terima kasih homedoki,Positif
packing aman kirim cepat bahan bagus model minimal moga awet,Positif
mantab rakit mudah,Positif
enak pakai duduk estetik rakit manual booknya,Positif
kurir hati rusak,Positif
kualitas bagus harga jangkau,Positif
pasang mudah mur nya aja bagus kondisi ok,Positif
mantap,Positif
sesuai deskripsi mudah rakit bor,Positif
harga oke kokoh,Positif
fungsi packing aman,Positif
ok,Positif
bagus mesti hilang ekspedisi ndak jd beli,Positif
ruang mepet ky cocoke type sekian nggu restock lagisg cekout kursi kerja respon jual cepet sayang gantung minggu ekspedisi bola,Positif
barang fungsi kirim aman cepat,Positif
bagus pasang jg mudah,Positif
oke bagus,Positif
sesuai harga,Positif
kualitas bahan lumayan sayang buku manual rakit mwjanya pendek banget,Positif
oke mesti pasang ad presisi rapi sepatu sendal tunggu type ready stoke,Positif
oke mesti pasang ad presisi rapi sepatu sendal tunggu type ready stoke,Positif
respon cepat barang muas,Positif
lumayan,Positif
barang oke banget pasang gampang pake kardus aman mulus sayang udah habis beli murah keren,Positif
barang nya oke sepatu ukur lebihdr ngk masuk lemari tutup miring,Positif
pasang gampang material bagus,Positif
desain meja nya oke material sesuai harga pasang mudah part bocel cs nya cepat respon langsung kirim ulang,Positif
minus kirim aja kali belanja dibedain hari kurir instant cargo klo selisih jam wajar selisihny,Positif
bagus kualitas moga awet nunggu proses kirim,Positif
mantab,Positif
bagusp,Positif
barang bagus minus kaki layan dri cs homdoki muas,Positif
barang sesuai deskripsi,Positif
barang sesuai deskripsi,Positif
oke kwalitas oke,Positif
bagus rakit mudah harga kompetitif,Positif
wokeee rekomeen cacat dikitt bisaa makluminn,Positif
wokeee rekomeeen,Positif
kokoh cacat sisi,Positif
cool modern strong stylish,Positif
kualitas bahan design sesuai deskripsi kirim aman sesuai jadwal,Positif
seller cepat respon produk sesuai deskripsi kirim sesuai pilih packing rapih kurir ramah,Positif
